{
    "seed": 1241201153,
    "layer_neuron_counts": [
        22,
        12,
        8,
        3
    ],
    "num_layers": 4,
    "weights": [
        [
            [
                0.045669468624240324,
                -0.16331004264393867,
                0.2990454723588555,
                0.20472703654149868,
                0.2228816392570096,
                0.13697983539566078,
                0.03373131912145562,
                -0.45065444155909073,
                0.5176461898638536,
                -0.49387443930444225,
                -0.003496329212262569,
                -0.21823448114007368
            ],
            [
                0.18522294167696088,
                0.4248661413390574,
                -0.1868551126081169,
                -0.02677534801036012,
                -0.03310647924139091,
                0.14085117312807338,
                0.08468620530596713,
                -0.31115692691990454,
                -0.16718073004272693,
                0.0711488487547432,
                -0.07063573656453948,
                0.10801507633709469
            ],
            [
                -0.3355032719491648,
                0.5955185634099746,
                0.04400330239599587,
                0.02185360140324915,
                0.17067424876179285,
                0.13902579913064927,
                0.07375772595694395,
                0.3261357033478544,
                -0.310601601495186,
                0.17219619129473007,
                0.019026490840459657,
                -0.11288139351123834
            ],
            [
                -0.11791894173203961,
                -0.3189222994695237,
                0.07232014816137447,
                -0.0008263730014461953,
                0.20340779869329292,
                -0.2619071786650653,
                0.294638605923411,
                0.4923314501385631,
                0.008544116127640226,
                0.4667038273934734,
                0.304401629111903,
                -0.3133155914338533
            ],
            [
                -0.07129763619994016,
                -0.29000635727354035,
                -0.1505001579597504,
                -0.1144216512738163,
                0.03019332334347773,
                -0.00012423829726640817,
                -0.2176733366659403,
                0.6705382000926544,
                -0.48562636757127114,
                0.7086606615089753,
                0.456218792203384,
                0.024067887477457608
            ],
            [
                -0.22947724791827157,
                -0.17049788753528564,
                -0.07143819354277027,
                0.18964922013520497,
                -0.19008223718215422,
                -0.24399796092149914,
                -0.029805149036460137,
                0.11901562682562936,
                0.3877670675797312,
                0.04952783989425273,
                0.3077722550831164,
                0.2912278438331588
            ],
            [
                -0.012386039219632715,
                -0.06840025412288839,
                0.6748005313870069,
                -0.2425733189185089,
                -0.21855028098132587,
                -0.002898177950590547,
                0.10842217960220454,
                0.2978695063609609,
                -0.15803023260203566,
                -0.4025534848696289,
                -0.4132611472533537,
                -0.1620711538376274
            ],
            [
                -0.20611686256930878,
                -0.2797111386795955,
                0.3354603336765436,
                -0.3047839604851257,
                -0.2582280184256692,
                -0.0020628937643929596,
                -0.07514230916776252,
                0.33989154963754314,
                0.01282574362094931,
                -0.37310400272761174,
                0.008840347893361822,
                0.005214385043417265
            ],
            [
                0.1364800003431778,
                0.506923615883831,
                -0.0032926728672863057,
                0.24402419408724205,
                -0.009599912235060555,
                0.3474059047662771,
                -0.2840173574770928,
                -0.3725333547069,
                -0.12892506641091556,
                -0.27329357705750135,
                -0.1531462142755531,
                -0.24739189028281672
            ],
            [
                -0.36228757095726705,
                -0.21921122044762795,
                0.05321950010150256,
                -0.20768634675211192,
                -0.023451673258581017,
                -0.16621070933013385,
                0.2351085513359112,
                0.6180785309402516,
                -0.5135122565652567,
                0.24825108926902262,
                0.07618239929769564,
                -0.05166162226642711
            ],
            [
                -0.13380520280525024,
                0.45709160412587113,
                -0.33296777467857713,
                0.01143888863112542,
                -0.2075909639824827,
                0.24662820315926495,
                0.2573083469975702,
                0.05232546512974788,
                0.15149710246787598,
                0.08613309141328465,
                0.3678558466229802,
                0.040138078139806674
            ],
            [
                0.1313965485024886,
                0.10468227811326657,
                -0.2651033553127045,
                0.32288229022079173,
                0.1614147244740014,
                0.009498016429930872,
                -0.06351237781474306,
                0.07778934258883266,
                0.8622472195855188,
                -0.0813648477897088,
                -0.015499228355926788,
                -0.2533267775166303
            ],
            [
                0.29928766360824005,
                -0.2919381294905972,
                0.38768414700125875,
                0.16261755217674012,
                0.04266105577495242,
                -0.07960312624361708,
                -0.05945762671013251,
                0.09873713504781154,
                0.4091055767806193,
                0.23555691068788331,
                0.27911920193324413,
                -0.3075840103317475
            ],
            [
                0.15075462226878794,
                0.3315608297566587,
                0.007639465362050398,
                0.12071865269977358,
                -0.20458456536482234,
                0.43847176280231326,
                -0.1872071564247974,
                0.02364589892980035,
                -0.2239701355722974,
                0.3019481760710437,
                0.035881248754560294,
                0.2194989251312247
            ],
            [
                0.11277559390688664,
                0.08813056936849999,
                0.22895856377767557,
                -0.247327281194656,
                0.19591817786835525,
                0.22049249538077897,
                -0.2590126455983451,
                0.04263527037751524,
                0.48593723421743434,
                -0.02787939002448237,
                0.12596184196102078,
                -0.04594132250512761
            ],
            [
                -0.1961442403203994,
                -0.12842283640204463,
                -0.1964240533862524,
                0.20621128220883334,
                -0.08260315475731339,
                -0.2808406462645638,
                -0.030991511634079778,
                0.4524624335171632,
                -0.3278292301178555,
                0.2901285809277342,
                0.3415751764101599,
                0.2731636732532048
            ],
            [
                -0.2965393339595133,
                -0.2593890503381106,
                0.1426305965509468,
                0.005159435223464212,
                -0.10008262455832526,
                -0.16971888060322846,
